<?xml version='1.0' encoding='UTF-8'?>
<DxTimeTable 
	xmlns:xsi="http://www.w3.org/2001/XMLSchema-instance" >
	<TTcycle>
		<cycleID>1</cycleID>
		<pLength>180</pLength>
		<TTdays>
			<TTday>
				<TTsequences>
					<TTsequence>
						<sequenceID>AM</sequenceID>
						<TTperiods>
							<TTperiod>
								<periodID>1</periodID>
								<BeginTime>9:00</BeginTime>
								<EndTime>12:00</EndTime>
								<priority>0</priority>
							</TTperiod>
						</TTperiods>
					</TTsequence>
					<TTsequence>
						<sequenceID>PM</sequenceID>
						<TTperiods>
							<TTperiod>
								<periodID>1</periodID>
								<BeginTime>14:00</BeginTime>
								<EndTime>17:00</EndTime>
								<priority>0</priority>
							</TTperiod>
						</TTperiods>
					</TTsequence>
					<TTsequence>
						<sequenceID>EM</sequenceID>
						<TTperiods>
							<TTperiod>
								<periodID>1</periodID>
								<BeginTime>19:00</BeginTime>
								<EndTime>22:00</EndTime>
								<priority>1</priority>
							</TTperiod>
						</TTperiods>
					</TTsequence>
				</TTsequences>
				<dayRef>1</dayRef>
				<dayID>Lu</dayID>
			</TTday>
			<TTday>
				<TTsequences>
					<TTsequence>
						<sequenceID>AM</sequenceID>
						<TTperiods>
							<TTperiod>
								<periodID>1</periodID>
								<BeginTime>9:00</BeginTime>
								<EndTime>12:00</EndTime>
								<priority>0</priority>
							</TTperiod>
						</TTperiods>
					</TTsequence>
					<TTsequence>
						<sequenceID>PM</sequenceID>
						<TTperiods>
							<TTperiod>
								<periodID>1</periodID>
								<BeginTime>14:00</BeginTime>
								<EndTime>17:00</EndTime>
								<priority>0</priority>
							</TTperiod>
						</TTperiods>
					</TTsequence>
					<TTsequence>
						<sequenceID>EM</sequenceID>
						<TTperiods>
							<TTperiod>
								<periodID>1</periodID>
								<BeginTime>19:00</BeginTime>
								<EndTime>22:00</EndTime>
								<priority>1</priority>
							</TTperiod>
						</TTperiods>
					</TTsequence>
				</TTsequences>
				<dayRef>2</dayRef>
				<dayID>Ma</dayID>
			</TTday>
		</TTdays>
	</TTcycle>
</DxTimeTable>
