<?xml version="1.0" encoding="UTF-8"?>
<!-- edited with XMLSPY v5 rel. 2 U (http://www.xmlspy.com) by TEAM (RENEGADE) -->
<TTdays>
	<TTday>
		<TTsequences>
			<TTsequence>
				<sequenceID>AM</sequenceID>
				<TTperiods>
					<TTperiod>
						<periodID>1</periodID>
						<BeginTime>8:15</BeginTime>
						<EndTime>9:15</EndTime>
						<priority>0</priority>
					</TTperiod>
					<TTperiod>
						<periodID>2</periodID>
						<BeginTime>9:15</BeginTime>
						<EndTime>10:15</EndTime>
						<priority>0</priority>
					</TTperiod>
					<TTperiod>
						<periodID>3</periodID>
						<BeginTime>10:15</BeginTime>
						<EndTime>11:15</EndTime>
						<priority>0</priority>
					</TTperiod>
					<TTperiod>
						<periodID>4</periodID>
						<BeginTime>11:15</BeginTime>
						<EndTime>12:15</EndTime>
						<priority>0</priority>
					</TTperiod>
				</TTperiods>
			</TTsequence>
			<TTsequence>
				<sequenceID>PM</sequenceID>
				<TTperiods>
					<TTperiod>
						<periodID>1</periodID>
						<BeginTime>13:30</BeginTime>
						<EndTime>14:30</EndTime>
						<priority>0</priority>
					</TTperiod>
					<TTperiod>
						<periodID>2</periodID>
						<BeginTime>14:30</BeginTime>
						<EndTime>15:30</EndTime>
						<priority>0</priority>
					</TTperiod>
					<TTperiod>
						<periodID>3</periodID>
						<BeginTime>15:30</BeginTime>
						<EndTime>16:30</EndTime>
						<priority>0</priority>
					</TTperiod>
					<TTperiod>
						<periodID>4</periodID>
						<BeginTime>16:30</BeginTime>
						<EndTime>17:30</EndTime>
						<priority>0</priority>
					</TTperiod>
					<TTperiod>
						<periodID>5</periodID>
						<BeginTime>17:30</BeginTime>
						<EndTime>18:30</EndTime>
						<priority>0</priority>
					</TTperiod>
				</TTperiods>
			</TTsequence>
			<TTsequence>
				<sequenceID>EM</sequenceID>
				<TTperiods>
					<TTperiod>
						<periodID>1</periodID>
						<BeginTime>19:0</BeginTime>
						<EndTime>20:0</EndTime>
						<priority>1</priority>
					</TTperiod>
					<TTperiod>
						<periodID>2</periodID>
						<BeginTime>20:0</BeginTime>
						<EndTime>21:0</EndTime>
						<priority>1</priority>
					</TTperiod>
					<TTperiod>
						<periodID>3</periodID>
						<BeginTime>21:0</BeginTime>
						<EndTime>22:0</EndTime>
						<priority>1</priority>
					</TTperiod>
				</TTperiods>
			</TTsequence>
		</TTsequences>
		<dayRef>1</dayRef>
		<dayID>Ma</dayID>
	</TTday>
	<TTday>
		<TTsequences>
			<TTsequence>
				<sequenceID>AM</sequenceID>
				<TTperiods>
					<TTperiod>
						<periodID>1</periodID>
						<BeginTime>8:15</BeginTime>
						<EndTime>9:15</EndTime>
						<priority>0</priority>
					</TTperiod>
					<TTperiod>
						<periodID>2</periodID>
						<BeginTime>9:15</BeginTime>
						<EndTime>10:15</EndTime>
						<priority>0</priority>
					</TTperiod>
					<TTperiod>
						<periodID>3</periodID>
						<BeginTime>10:15</BeginTime>
						<EndTime>11:15</EndTime>
						<priority>0</priority>
					</TTperiod>
					<TTperiod>
						<periodID>4</periodID>
						<BeginTime>11:15</BeginTime>
						<EndTime>12:15</EndTime>
						<priority>0</priority>
					</TTperiod>
				</TTperiods>
			</TTsequence>
			<TTsequence>
				<sequenceID>PM</sequenceID>
				<TTperiods>
					<TTperiod>
						<periodID>1</periodID>
						<BeginTime>13:30</BeginTime>
						<EndTime>14:30</EndTime>
						<priority>0</priority>
					</TTperiod>
					<TTperiod>
						<periodID>2</periodID>
						<BeginTime>14:30</BeginTime>
						<EndTime>15:30</EndTime>
						<priority>0</priority>
					</TTperiod>
					<TTperiod>
						<periodID>3</periodID>
						<BeginTime>15:30</BeginTime>
						<EndTime>16:30</EndTime>
						<priority>0</priority>
					</TTperiod>
					<TTperiod>
						<periodID>4</periodID>
						<BeginTime>16:30</BeginTime>
						<EndTime>17:30</EndTime>
						<priority>0</priority>
					</TTperiod>
					<TTperiod>
						<periodID>5</periodID>
						<BeginTime>17:30</BeginTime>
						<EndTime>18:30</EndTime>
						<priority>0</priority>
					</TTperiod>
				</TTperiods>
			</TTsequence>
			<TTsequence>
				<sequenceID>EM</sequenceID>
				<TTperiods>
					<TTperiod>
						<periodID>1</periodID>
						<BeginTime>19:0</BeginTime>
						<EndTime>20:0</EndTime>
						<priority>1</priority>
					</TTperiod>
					<TTperiod>
						<periodID>2</periodID>
						<BeginTime>20:0</BeginTime>
						<EndTime>21:0</EndTime>
						<priority>1</priority>
					</TTperiod>
					<TTperiod>
						<periodID>3</periodID>
						<BeginTime>21:0</BeginTime>
						<EndTime>22:0</EndTime>
						<priority>1</priority>
					</TTperiod>
				</TTperiods>
			</TTsequence>
		</TTsequences>
		<dayRef>2</dayRef>
		<dayID>Me</dayID>
	</TTday>
	<TTday>
		<TTsequences>
			<TTsequence>
				<sequenceID>AM</sequenceID>
				<TTperiods>
					<TTperiod>
						<periodID>1</periodID>
						<BeginTime>8:15</BeginTime>
						<EndTime>9:15</EndTime>
						<priority>0</priority>
					</TTperiod>
					<TTperiod>
						<periodID>2</periodID>
						<BeginTime>9:15</BeginTime>
						<EndTime>10:15</EndTime>
						<priority>0</priority>
					</TTperiod>
					<TTperiod>
						<periodID>3</periodID>
						<BeginTime>10:15</BeginTime>
						<EndTime>11:15</EndTime>
						<priority>0</priority>
					</TTperiod>
					<TTperiod>
						<periodID>4</periodID>
						<BeginTime>11:15</BeginTime>
						<EndTime>12:15</EndTime>
						<priority>0</priority>
					</TTperiod>
				</TTperiods>
			</TTsequence>
			<TTsequence>
				<sequenceID>PM</sequenceID>
				<TTperiods>
					<TTperiod>
						<periodID>1</periodID>
						<BeginTime>13:30</BeginTime>
						<EndTime>14:30</EndTime>
						<priority>0</priority>
					</TTperiod>
					<TTperiod>
						<periodID>2</periodID>
						<BeginTime>14:30</BeginTime>
						<EndTime>15:30</EndTime>
						<priority>0</priority>
					</TTperiod>
					<TTperiod>
						<periodID>3</periodID>
						<BeginTime>15:30</BeginTime>
						<EndTime>16:30</EndTime>
						<priority>0</priority>
					</TTperiod>
					<TTperiod>
						<periodID>4</periodID>
						<BeginTime>16:30</BeginTime>
						<EndTime>17:30</EndTime>
						<priority>0</priority>
					</TTperiod>
					<TTperiod>
						<periodID>5</periodID>
						<BeginTime>17:30</BeginTime>
						<EndTime>18:30</EndTime>
						<priority>0</priority>
					</TTperiod>
				</TTperiods>
			</TTsequence>
			<TTsequence>
				<sequenceID>EM</sequenceID>
				<TTperiods>
					<TTperiod>
						<periodID>1</periodID>
						<BeginTime>19:0</BeginTime>
						<EndTime>20:0</EndTime>
						<priority>1</priority>
					</TTperiod>
					<TTperiod>
						<periodID>2</periodID>
						<BeginTime>20:0</BeginTime>
						<EndTime>21:0</EndTime>
						<priority>1</priority>
					</TTperiod>
					<TTperiod>
						<periodID>3</periodID>
						<BeginTime>21:0</BeginTime>
						<EndTime>22:0</EndTime>
						<priority>1</priority>
					</TTperiod>
				</TTperiods>
			</TTsequence>
		</TTsequences>
		<dayRef>3</dayRef>
		<dayID>Je</dayID>
	</TTday>
	<TTday>
		<TTsequences>
			<TTsequence>
				<sequenceID>AM</sequenceID>
				<TTperiods>
					<TTperiod>
						<periodID>1</periodID>
						<BeginTime>8:15</BeginTime>
						<EndTime>9:15</EndTime>
						<priority>0</priority>
					</TTperiod>
					<TTperiod>
						<periodID>2</periodID>
						<BeginTime>9:15</BeginTime>
						<EndTime>10:15</EndTime>
						<priority>0</priority>
					</TTperiod>
					<TTperiod>
						<periodID>3</periodID>
						<BeginTime>10:15</BeginTime>
						<EndTime>11:15</EndTime>
						<priority>0</priority>
					</TTperiod>
					<TTperiod>
						<periodID>4</periodID>
						<BeginTime>11:15</BeginTime>
						<EndTime>12:15</EndTime>
						<priority>0</priority>
					</TTperiod>
				</TTperiods>
			</TTsequence>
			<TTsequence>
				<sequenceID>PM</sequenceID>
				<TTperiods>
					<TTperiod>
						<periodID>1</periodID>
						<BeginTime>13:30</BeginTime>
						<EndTime>14:30</EndTime>
						<priority>0</priority>
					</TTperiod>
					<TTperiod>
						<periodID>2</periodID>
						<BeginTime>14:30</BeginTime>
						<EndTime>15:30</EndTime>
						<priority>0</priority>
					</TTperiod>
					<TTperiod>
						<periodID>3</periodID>
						<BeginTime>15:30</BeginTime>
						<EndTime>16:30</EndTime>
						<priority>0</priority>
					</TTperiod>
					<TTperiod>
						<periodID>4</periodID>
						<BeginTime>16:30</BeginTime>
						<EndTime>17:30</EndTime>
						<priority>0</priority>
					</TTperiod>
					<TTperiod>
						<periodID>5</periodID>
						<BeginTime>17:30</BeginTime>
						<EndTime>18:30</EndTime>
						<priority>0</priority>
					</TTperiod>
				</TTperiods>
			</TTsequence>
			<TTsequence>
				<sequenceID>EM</sequenceID>
				<TTperiods>
					<TTperiod>
						<periodID>1</periodID>
						<BeginTime>19:0</BeginTime>
						<EndTime>20:0</EndTime>
						<priority>1</priority>
					</TTperiod>
					<TTperiod>
						<periodID>2</periodID>
						<BeginTime>20:0</BeginTime>
						<EndTime>21:0</EndTime>
						<priority>1</priority>
					</TTperiod>
					<TTperiod>
						<periodID>3</periodID>
						<BeginTime>21:0</BeginTime>
						<EndTime>22:0</EndTime>
						<priority>1</priority>
					</TTperiod>
				</TTperiods>
			</TTsequence>
		</TTsequences>
		<dayRef>4</dayRef>
		<dayID>Ve</dayID>
	</TTday>
	<TTday>
		<TTsequences>
			<TTsequence>
				<sequenceID>AM</sequenceID>
				<TTperiods>
					<TTperiod>
						<periodID>1</periodID>
						<BeginTime>8:15</BeginTime>
						<EndTime>9:15</EndTime>
						<priority>0</priority>
					</TTperiod>
					<TTperiod>
						<periodID>2</periodID>
						<BeginTime>9:15</BeginTime>
						<EndTime>10:15</EndTime>
						<priority>0</priority>
					</TTperiod>
					<TTperiod>
						<periodID>3</periodID>
						<BeginTime>10:15</BeginTime>
						<EndTime>11:15</EndTime>
						<priority>0</priority>
					</TTperiod>
					<TTperiod>
						<periodID>4</periodID>
						<BeginTime>11:15</BeginTime>
						<EndTime>12:15</EndTime>
						<priority>0</priority>
					</TTperiod>
				</TTperiods>
			</TTsequence>
			<TTsequence>
				<sequenceID>PM</sequenceID>
				<TTperiods>
					<TTperiod>
						<periodID>1</periodID>
						<BeginTime>13:30</BeginTime>
						<EndTime>14:30</EndTime>
						<priority>0</priority>
					</TTperiod>
					<TTperiod>
						<periodID>2</periodID>
						<BeginTime>14:30</BeginTime>
						<EndTime>15:30</EndTime>
						<priority>0</priority>
					</TTperiod>
					<TTperiod>
						<periodID>3</periodID>
						<BeginTime>15:30</BeginTime>
						<EndTime>16:30</EndTime>
						<priority>0</priority>
					</TTperiod>
					<TTperiod>
						<periodID>4</periodID>
						<BeginTime>16:30</BeginTime>
						<EndTime>17:30</EndTime>
						<priority>0</priority>
					</TTperiod>
					<TTperiod>
						<periodID>5</periodID>
						<BeginTime>17:30</BeginTime>
						<EndTime>18:30</EndTime>
						<priority>0</priority>
					</TTperiod>
				</TTperiods>
			</TTsequence>
			<TTsequence>
				<sequenceID>EM</sequenceID>
				<TTperiods>
					<TTperiod>
						<periodID>1</periodID>
						<BeginTime>19:0</BeginTime>
						<EndTime>20:0</EndTime>
						<priority>1</priority>
					</TTperiod>
					<TTperiod>
						<periodID>2</periodID>
						<BeginTime>20:0</BeginTime>
						<EndTime>21:0</EndTime>
						<priority>1</priority>
					</TTperiod>
					<TTperiod>
						<periodID>3</periodID>
						<BeginTime>21:0</BeginTime>
						<EndTime>22:0</EndTime>
						<priority>1</priority>
					</TTperiod>
				</TTperiods>
			</TTsequence>
		</TTsequences>
		<dayRef>5</dayRef>
		<dayID>Lu</dayID>
	</TTday>
	<TTday>
		<TTsequences>
			<TTsequence>
				<sequenceID>AM</sequenceID>
				<TTperiods>
					<TTperiod>
						<periodID>1</periodID>
						<BeginTime>8:15</BeginTime>
						<EndTime>9:15</EndTime>
						<priority>0</priority>
					</TTperiod>
					<TTperiod>
						<periodID>2</periodID>
						<BeginTime>9:15</BeginTime>
						<EndTime>10:15</EndTime>
						<priority>0</priority>
					</TTperiod>
					<TTperiod>
						<periodID>3</periodID>
						<BeginTime>10:15</BeginTime>
						<EndTime>11:15</EndTime>
						<priority>0</priority>
					</TTperiod>
					<TTperiod>
						<periodID>4</periodID>
						<BeginTime>11:15</BeginTime>
						<EndTime>12:15</EndTime>
						<priority>0</priority>
					</TTperiod>
				</TTperiods>
			</TTsequence>
			<TTsequence>
				<sequenceID>PM</sequenceID>
				<TTperiods>
					<TTperiod>
						<periodID>1</periodID>
						<BeginTime>13:30</BeginTime>
						<EndTime>14:30</EndTime>
						<priority>0</priority>
					</TTperiod>
					<TTperiod>
						<periodID>2</periodID>
						<BeginTime>14:30</BeginTime>
						<EndTime>15:30</EndTime>
						<priority>0</priority>
					</TTperiod>
					<TTperiod>
						<periodID>3</periodID>
						<BeginTime>15:30</BeginTime>
						<EndTime>16:30</EndTime>
						<priority>0</priority>
					</TTperiod>
					<TTperiod>
						<periodID>4</periodID>
						<BeginTime>16:30</BeginTime>
						<EndTime>17:30</EndTime>
						<priority>0</priority>
					</TTperiod>
					<TTperiod>
						<periodID>5</periodID>
						<BeginTime>17:30</BeginTime>
						<EndTime>18:30</EndTime>
						<priority>0</priority>
					</TTperiod>
				</TTperiods>
			</TTsequence>
			<TTsequence>
				<sequenceID>EM</sequenceID>
				<TTperiods>
					<TTperiod>
						<periodID>1</periodID>
						<BeginTime>19:0</BeginTime>
						<EndTime>20:0</EndTime>
						<priority>1</priority>
					</TTperiod>
					<TTperiod>
						<periodID>2</periodID>
						<BeginTime>20:0</BeginTime>
						<EndTime>21:0</EndTime>
						<priority>1</priority>
					</TTperiod>
					<TTperiod>
						<periodID>3</periodID>
						<BeginTime>21:0</BeginTime>
						<EndTime>22:0</EndTime>
						<priority>1</priority>
					</TTperiod>
				</TTperiods>
			</TTsequence>
		</TTsequences>
		<dayRef>6</dayRef>
		<dayID>Ma</dayID>
	</TTday>
	<TTday>
		<TTsequences>
			<TTsequence>
				<sequenceID>AM</sequenceID>
				<TTperiods>
					<TTperiod>
						<periodID>1</periodID>
						<BeginTime>8:15</BeginTime>
						<EndTime>9:15</EndTime>
						<priority>0</priority>
					</TTperiod>
					<TTperiod>
						<periodID>2</periodID>
						<BeginTime>9:15</BeginTime>
						<EndTime>10:15</EndTime>
						<priority>0</priority>
					</TTperiod>
					<TTperiod>
						<periodID>3</periodID>
						<BeginTime>10:15</BeginTime>
						<EndTime>11:15</EndTime>
						<priority>0</priority>
					</TTperiod>
					<TTperiod>
						<periodID>4</periodID>
						<BeginTime>11:15</BeginTime>
						<EndTime>12:15</EndTime>
						<priority>0</priority>
					</TTperiod>
				</TTperiods>
			</TTsequence>
			<TTsequence>
				<sequenceID>PM</sequenceID>
				<TTperiods>
					<TTperiod>
						<periodID>1</periodID>
						<BeginTime>13:30</BeginTime>
						<EndTime>14:30</EndTime>
						<priority>0</priority>
					</TTperiod>
					<TTperiod>
						<periodID>2</periodID>
						<BeginTime>14:30</BeginTime>
						<EndTime>15:30</EndTime>
						<priority>0</priority>
					</TTperiod>
					<TTperiod>
						<periodID>3</periodID>
						<BeginTime>15:30</BeginTime>
						<EndTime>16:30</EndTime>
						<priority>0</priority>
					</TTperiod>
					<TTperiod>
						<periodID>4</periodID>
						<BeginTime>16:30</BeginTime>
						<EndTime>17:30</EndTime>
						<priority>0</priority>
					</TTperiod>
					<TTperiod>
						<periodID>5</periodID>
						<BeginTime>17:30</BeginTime>
						<EndTime>18:30</EndTime>
						<priority>0</priority>
					</TTperiod>
				</TTperiods>
			</TTsequence>
			<TTsequence>
				<sequenceID>EM</sequenceID>
				<TTperiods>
					<TTperiod>
						<periodID>1</periodID>
						<BeginTime>19:0</BeginTime>
						<EndTime>20:0</EndTime>
						<priority>1</priority>
					</TTperiod>
					<TTperiod>
						<periodID>2</periodID>
						<BeginTime>20:0</BeginTime>
						<EndTime>21:0</EndTime>
						<priority>1</priority>
					</TTperiod>
					<TTperiod>
						<periodID>3</periodID>
						<BeginTime>21:0</BeginTime>
						<EndTime>22:0</EndTime>
						<priority>1</priority>
					</TTperiod>
				</TTperiods>
			</TTsequence>
		</TTsequences>
		<dayRef>7</dayRef>
		<dayID>Me</dayID>
	</TTday>
</TTdays>
