<?xml version="1.0" encoding="UTF-8"?>
<DXTimeTable><TTcycle><TTdays><TTday><TTsequences><TTsequence><sequenceID>AM</sequenceID><TTperiods><TTperiod><BeginTime>8:30</BeginTime><priority>0</priority><periodID>1</periodID></TTperiod></TTperiods></TTsequence><TTsequence><sequenceID>PM</sequenceID><TTperiods><TTperiod><BeginTime>13:0</BeginTime><priority>0</priority><periodID>1</periodID></TTperiod></TTperiods></TTsequence><TTsequence><sequenceID>EM</sequenceID><TTperiods><TTperiod><BeginTime>19:0</BeginTime><priority>1</priority><periodID>1</periodID></TTperiod></TTperiods></TTsequence></TTsequences><dayID>Lu</dayID><dayRef>1</dayRef></TTday><TTday><TTsequences><TTsequence><sequenceID>AM</sequenceID><TTperiods><TTperiod><BeginTime>8:30</BeginTime><priority>0</priority><periodID>1</periodID></TTperiod></TTperiods></TTsequence><TTsequence><sequenceID>PM</sequenceID><TTperiods><TTperiod><BeginTime>13:0</BeginTime><priority>0</priority><periodID>1</periodID></TTperiod></TTperiods></TTsequence><TTsequence><sequenceID>EM</sequenceID><TTperiods><TTperiod><BeginTime>19:0</BeginTime><priority>1</priority><periodID>1</periodID></TTperiod></TTperiods></TTsequence></TTsequences><dayID>Ma</dayID><dayRef>2</dayRef></TTday><TTday><TTsequences><TTsequence><sequenceID>AM</sequenceID><TTperiods><TTperiod><BeginTime>8:30</BeginTime><priority>0</priority><periodID>1</periodID></TTperiod></TTperiods></TTsequence><TTsequence><sequenceID>PM</sequenceID><TTperiods><TTperiod><BeginTime>13:0</BeginTime><priority>0</priority><periodID>1</periodID></TTperiod></TTperiods></TTsequence><TTsequence><sequenceID>EM</sequenceID><TTperiods><TTperiod><BeginTime>19:0</BeginTime><priority>1</priority><periodID>1</periodID></TTperiod></TTperiods></TTsequence></TTsequences><dayID>Me</dayID><dayRef>3</dayRef></TTday><TTday><TTsequences><TTsequence><sequenceID>AM</sequenceID><TTperiods><TTperiod><BeginTime>8:30</BeginTime><priority>0</priority><periodID>1</periodID></TTperiod></TTperiods></TTsequence><TTsequence><sequenceID>PM</sequenceID><TTperiods><TTperiod><BeginTime>13:0</BeginTime><priority>0</priority><periodID>1</periodID></TTperiod></TTperiods></TTsequence><TTsequence><sequenceID>EM</sequenceID><TTperiods><TTperiod><BeginTime>19:0</BeginTime><priority>1</priority><periodID>1</periodID></TTperiod></TTperiods></TTsequence></TTsequences><dayID>Je</dayID><dayRef>4</dayRef></TTday><TTday><TTsequences><TTsequence><sequenceID>AM</sequenceID><TTperiods><TTperiod><BeginTime>8:30</BeginTime><priority>0</priority><periodID>1</periodID></TTperiod></TTperiods></TTsequence><TTsequence><sequenceID>PM</sequenceID><TTperiods><TTperiod><BeginTime>13:0</BeginTime><priority>0</priority><periodID>1</periodID></TTperiod></TTperiods></TTsequence><TTsequence><sequenceID>EM</sequenceID><TTperiods><TTperiod><BeginTime>19:0</BeginTime><priority>1</priority><periodID>1</periodID></TTperiod></TTperiods></TTsequence></TTsequences><dayID>Ve</dayID><dayRef>5</dayRef></TTday><TTday><TTsequences><TTsequence><sequenceID>AM</sequenceID><TTperiods><TTperiod><BeginTime>8:30</BeginTime><priority>0</priority><periodID>1</periodID></TTperiod></TTperiods></TTsequence><TTsequence><sequenceID>PM</sequenceID><TTperiods><TTperiod><BeginTime>13:0</BeginTime><priority>0</priority><periodID>1</periodID></TTperiod></TTperiods></TTsequence><TTsequence><sequenceID>EM</sequenceID><TTperiods><TTperiod><BeginTime>19:0</BeginTime><priority>1</priority><periodID>1</periodID></TTperiod></TTperiods></TTsequence></TTsequences><dayID>Lu</dayID><dayRef>6</dayRef></TTday><TTday><TTsequences><TTsequence><sequenceID>AM</sequenceID><TTperiods><TTperiod><BeginTime>8:30</BeginTime><priority>0</priority><periodID>1</periodID></TTperiod></TTperiods></TTsequence><TTsequence><sequenceID>PM</sequenceID><TTperiods><TTperiod><BeginTime>13:0</BeginTime><priority>0</priority><periodID>1</periodID></TTperiod></TTperiods></TTsequence><TTsequence><sequenceID>EM</sequenceID><TTperiods><TTperiod><BeginTime>19:0</BeginTime><priority>1</priority><periodID>1</periodID></TTperiod></TTperiods></TTsequence></TTsequences><dayID>Ma</dayID><dayRef>7</dayRef></TTday><TTday><TTsequences><TTsequence><sequenceID>AM</sequenceID><TTperiods><TTperiod><BeginTime>8:30</BeginTime><priority>0</priority><periodID>1</periodID></TTperiod></TTperiods></TTsequence><TTsequence><sequenceID>PM</sequenceID><TTperiods><TTperiod><BeginTime>13:0</BeginTime><priority>0</priority><periodID>1</periodID></TTperiod></TTperiods></TTsequence><TTsequence><sequenceID>EM</sequenceID><TTperiods><TTperiod><BeginTime>19:0</BeginTime><priority>1</priority><periodID>1</periodID></TTperiod></TTperiods></TTsequence></TTsequences><dayID>Me</dayID><dayRef>8</dayRef></TTday><TTday><TTsequences><TTsequence><sequenceID>AM</sequenceID><TTperiods><TTperiod><BeginTime>8:30</BeginTime><priority>0</priority><periodID>1</periodID></TTperiod></TTperiods></TTsequence><TTsequence><sequenceID>PM</sequenceID><TTperiods><TTperiod><BeginTime>13:0</BeginTime><priority>0</priority><periodID>1</periodID></TTperiod></TTperiods></TTsequence><TTsequence><sequenceID>EM</sequenceID><TTperiods><TTperiod><BeginTime>19:0</BeginTime><priority>1</priority><periodID>1</periodID></TTperiod></TTperiods></TTsequence></TTsequences><dayID>Je</dayID><dayRef>9</dayRef></TTday><TTday><TTsequences><TTsequence><sequenceID>AM</sequenceID><TTperiods><TTperiod><BeginTime>8:30</BeginTime><priority>0</priority><periodID>1</periodID></TTperiod></TTperiods></TTsequence><TTsequence><sequenceID>PM</sequenceID><TTperiods><TTperiod><BeginTime>13:0</BeginTime><priority>0</priority><periodID>1</periodID></TTperiod></TTperiods></TTsequence><TTsequence><sequenceID>EM</sequenceID><TTperiods><TTperiod><BeginTime>19:0</BeginTime><priority>1</priority><periodID>1</periodID></TTperiod></TTperiods></TTsequence></TTsequences><dayID>Ve</dayID><dayRef>10</dayRef></TTday></TTdays><cycleID>1</cycleID><pLength>180</pLength></TTcycle></DXTimeTable>