<?xml version="1.0" encoding="UTF-8"?>
<!-- edited with XMLSPY v5 rel. 2 U (http://www.xmlspy.com) by TEAM (RENEGADE) -->
<DXTimeTable>
	<TTcycle>
		<cycleID>1</cycleID>
		<pLength>180</pLength>
		<TTdays>
			<TTday>
				<TTsequences>
					<TTsequence>
						<sequenceID>AM</sequenceID>
						<TTperiods>
							<TTperiod>
								<periodID>1</periodID>
								<BeginTime>8:30</BeginTime>
								<EndTime>11:30</EndTime>
								<priority>0</priority>
							</TTperiod>
						</TTperiods>
					</TTsequence>
					<TTsequence>
						<sequenceID>PM</sequenceID>
						<TTperiods>
							<TTperiod>
								<periodID>1</periodID>
								<BeginTime>13:00</BeginTime>
								<EndTime>16:00</EndTime>
								<priority>0</priority>
							</TTperiod>
						</TTperiods>
					</TTsequence>
					<TTsequence>
						<sequenceID>EM</sequenceID>
						<TTperiods>
							<TTperiod>
								<periodID>1</periodID>
								<BeginTime>19:00</BeginTime>
								<EndTime>22:00</EndTime>
								<priority>1</priority>
							</TTperiod>
						</TTperiods>
					</TTsequence>
				</TTsequences>
				<dayRef>1</dayRef>
				<dayID>Lu</dayID>
			</TTday>
			<TTday>
				<TTsequences>
					<TTsequence>
						<sequenceID>AM</sequenceID>
						<TTperiods>
							<TTperiod>
								<periodID>1</periodID>
								<BeginTime>8:30</BeginTime>
								<EndTime>11:30</EndTime>
								<priority>0</priority>
							</TTperiod>
						</TTperiods>
					</TTsequence>
					<TTsequence>
						<sequenceID>PM</sequenceID>
						<TTperiods>
							<TTperiod>
								<periodID>1</periodID>
								<BeginTime>13:00</BeginTime>
								<EndTime>16:00</EndTime>
								<priority>0</priority>
							</TTperiod>
						</TTperiods>
					</TTsequence>
					<TTsequence>
						<sequenceID>EM</sequenceID>
						<TTperiods>
							<TTperiod>
								<periodID>1</periodID>
								<BeginTime>19:00</BeginTime>
								<EndTime>22:00</EndTime>
								<priority>1</priority>
							</TTperiod>
						</TTperiods>
					</TTsequence>
				</TTsequences>
				<dayRef>2</dayRef>
				<dayID>Ma</dayID>
			</TTday>
			<TTday>
				<TTsequences>
					<TTsequence>
						<sequenceID>AM</sequenceID>
						<TTperiods>
							<TTperiod>
								<periodID>1</periodID>
								<BeginTime>8:30</BeginTime>
								<EndTime>11:30</EndTime>
								<priority>0</priority>
							</TTperiod>
						</TTperiods>
					</TTsequence>
					<TTsequence>
						<sequenceID>PM</sequenceID>
						<TTperiods>
							<TTperiod>
								<periodID>1</periodID>
								<BeginTime>13:00</BeginTime>
								<EndTime>16:00</EndTime>
								<priority>0</priority>
							</TTperiod>
						</TTperiods>
					</TTsequence>
					<TTsequence>
						<sequenceID>EM</sequenceID>
						<TTperiods>
							<TTperiod>
								<periodID>1</periodID>
								<BeginTime>19:00</BeginTime>
								<EndTime>22:00</EndTime>
								<priority>1</priority>
							</TTperiod>
						</TTperiods>
					</TTsequence>
				</TTsequences>
				<dayRef>3</dayRef>
				<dayID>Me</dayID>
			</TTday>
			<TTday>
				<TTsequences>
					<TTsequence>
						<sequenceID>AM</sequenceID>
						<TTperiods>
							<TTperiod>
								<periodID>1</periodID>
								<BeginTime>8:30</BeginTime>
								<EndTime>11:30</EndTime>
								<priority>0</priority>
							</TTperiod>
						</TTperiods>
					</TTsequence>
					<TTsequence>
						<sequenceID>PM</sequenceID>
						<TTperiods>
							<TTperiod>
								<periodID>1</periodID>
								<BeginTime>13:00</BeginTime>
								<EndTime>16:00</EndTime>
								<priority>0</priority>
							</TTperiod>
						</TTperiods>
					</TTsequence>
					<TTsequence>
						<sequenceID>EM</sequenceID>
						<TTperiods>
							<TTperiod>
								<periodID>1</periodID>
								<BeginTime>19:00</BeginTime>
								<EndTime>22:00</EndTime>
								<priority>1</priority>
							</TTperiod>
						</TTperiods>
					</TTsequence>
				</TTsequences>
				<dayRef>4</dayRef>
				<dayID>Je</dayID>
			</TTday>
			<TTday>
				<TTsequences>
					<TTsequence>
						<sequenceID>AM</sequenceID>
						<TTperiods>
							<TTperiod>
								<periodID>1</periodID>
								<BeginTime>8:30</BeginTime>
								<EndTime>11:30</EndTime>
								<priority>0</priority>
							</TTperiod>
						</TTperiods>
					</TTsequence>
					<TTsequence>
						<sequenceID>PM</sequenceID>
						<TTperiods>
							<TTperiod>
								<periodID>1</periodID>
								<BeginTime>13:00</BeginTime>
								<EndTime>16:00</EndTime>
								<priority>0</priority>
							</TTperiod>
						</TTperiods>
					</TTsequence>
					<TTsequence>
						<sequenceID>EM</sequenceID>
						<TTperiods>
							<TTperiod>
								<periodID>1</periodID>
								<BeginTime>19:00</BeginTime>
								<EndTime>22:00</EndTime>
								<priority>1</priority>
							</TTperiod>
						</TTperiods>
					</TTsequence>
				</TTsequences>
				<dayRef>5</dayRef>
				<dayID>Ve</dayID>
			</TTday>
		</TTdays>
	</TTcycle>
</DXTimeTable>
