<?xml version="1.0" encoding="UTF-8"?>
<DXTimeTable><TTcycle><TTdays><TTday><TTsequences><TTsequence><sequenceID>AM</sequenceID><TTperiods><TTperiod><BeginTime>8:30</BeginTime><priority>0</priority><periodID>1</periodID></TTperiod><TTperiod><BeginTime>9:30</BeginTime><priority>0</priority><periodID>2</periodID></TTperiod><TTperiod><BeginTime>10:30</BeginTime><priority>0</priority><periodID>3</periodID></TTperiod><TTperiod><BeginTime>11:30</BeginTime><priority>0</priority><periodID>4</periodID></TTperiod></TTperiods></TTsequence><TTsequence><sequenceID>PM</sequenceID><TTperiods><TTperiod><BeginTime>13:30</BeginTime><priority>0</priority><periodID>1</periodID></TTperiod><TTperiod><BeginTime>14:30</BeginTime><priority>0</priority><periodID>2</periodID></TTperiod><TTperiod><BeginTime>15:30</BeginTime><priority>0</priority><periodID>3</periodID></TTperiod><TTperiod><BeginTime>16:30</BeginTime><priority>0</priority><periodID>4</periodID></TTperiod><TTperiod><BeginTime>17:30</BeginTime><priority>0</priority><periodID>5</periodID></TTperiod></TTperiods></TTsequence><TTsequence><sequenceID>EM</sequenceID><TTperiods><TTperiod><BeginTime>19:0</BeginTime><priority>1</priority><periodID>1</periodID></TTperiod><TTperiod><BeginTime>20:0</BeginTime><priority>1</priority><periodID>2</periodID></TTperiod><TTperiod><BeginTime>21:0</BeginTime><priority>1</priority><periodID>3</periodID></TTperiod></TTperiods></TTsequence></TTsequences><dayID>Lu</dayID><dayRef>1</dayRef></TTday><TTday><TTsequences><TTsequence><sequenceID>AM</sequenceID><TTperiods><TTperiod><BeginTime>8:30</BeginTime><priority>0</priority><periodID>1</periodID></TTperiod><TTperiod><BeginTime>9:30</BeginTime><priority>0</priority><periodID>2</periodID></TTperiod><TTperiod><BeginTime>10:30</BeginTime><priority>0</priority><periodID>3</periodID></TTperiod><TTperiod><BeginTime>11:30</BeginTime><priority>0</priority><periodID>4</periodID></TTperiod></TTperiods></TTsequence><TTsequence><sequenceID>PM</sequenceID><TTperiods><TTperiod><BeginTime>13:30</BeginTime><priority>0</priority><periodID>1</periodID></TTperiod><TTperiod><BeginTime>14:30</BeginTime><priority>0</priority><periodID>2</periodID></TTperiod><TTperiod><BeginTime>15:30</BeginTime><priority>0</priority><periodID>3</periodID></TTperiod><TTperiod><BeginTime>16:30</BeginTime><priority>0</priority><periodID>4</periodID></TTperiod><TTperiod><BeginTime>17:30</BeginTime><priority>0</priority><periodID>5</periodID></TTperiod></TTperiods></TTsequence><TTsequence><sequenceID>EM</sequenceID><TTperiods><TTperiod><BeginTime>19:0</BeginTime><priority>1</priority><periodID>1</periodID></TTperiod><TTperiod><BeginTime>20:0</BeginTime><priority>1</priority><periodID>2</periodID></TTperiod><TTperiod><BeginTime>21:0</BeginTime><priority>1</priority><periodID>3</periodID></TTperiod></TTperiods></TTsequence></TTsequences><dayID>Ma</dayID><dayRef>2</dayRef></TTday><TTday><TTsequences><TTsequence><sequenceID>AM</sequenceID><TTperiods><TTperiod><BeginTime>8:30</BeginTime><priority>0</priority><periodID>1</periodID></TTperiod><TTperiod><BeginTime>9:30</BeginTime><priority>0</priority><periodID>2</periodID></TTperiod><TTperiod><BeginTime>10:30</BeginTime><priority>0</priority><periodID>3</periodID></TTperiod><TTperiod><BeginTime>11:30</BeginTime><priority>0</priority><periodID>4</periodID></TTperiod></TTperiods></TTsequence><TTsequence><sequenceID>PM</sequenceID><TTperiods><TTperiod><BeginTime>13:30</BeginTime><priority>0</priority><periodID>1</periodID></TTperiod><TTperiod><BeginTime>14:30</BeginTime><priority>0</priority><periodID>2</periodID></TTperiod><TTperiod><BeginTime>15:30</BeginTime><priority>0</priority><periodID>3</periodID></TTperiod><TTperiod><BeginTime>16:30</BeginTime><priority>0</priority><periodID>4</periodID></TTperiod><TTperiod><BeginTime>17:30</BeginTime><priority>0</priority><periodID>5</periodID></TTperiod></TTperiods></TTsequence><TTsequence><sequenceID>EM</sequenceID><TTperiods><TTperiod><BeginTime>19:0</BeginTime><priority>1</priority><periodID>1</periodID></TTperiod><TTperiod><BeginTime>20:0</BeginTime><priority>1</priority><periodID>2</periodID></TTperiod><TTperiod><BeginTime>21:0</BeginTime><priority>1</priority><periodID>3</periodID></TTperiod></TTperiods></TTsequence></TTsequences><dayID>Me</dayID><dayRef>3</dayRef></TTday><TTday><TTsequences><TTsequence><sequenceID>AM</sequenceID><TTperiods><TTperiod><BeginTime>8:30</BeginTime><priority>0</priority><periodID>1</periodID></TTperiod><TTperiod><BeginTime>9:30</BeginTime><priority>0</priority><periodID>2</periodID></TTperiod><TTperiod><BeginTime>10:30</BeginTime><priority>0</priority><periodID>3</periodID></TTperiod><TTperiod><BeginTime>11:30</BeginTime><priority>0</priority><periodID>4</periodID></TTperiod></TTperiods></TTsequence><TTsequence><sequenceID>PM</sequenceID><TTperiods><TTperiod><BeginTime>13:30</BeginTime><priority>0</priority><periodID>1</periodID></TTperiod><TTperiod><BeginTime>14:30</BeginTime><priority>0</priority><periodID>2</periodID></TTperiod><TTperiod><BeginTime>15:30</BeginTime><priority>0</priority><periodID>3</periodID></TTperiod><TTperiod><BeginTime>16:30</BeginTime><priority>0</priority><periodID>4</periodID></TTperiod><TTperiod><BeginTime>17:30</BeginTime><priority>0</priority><periodID>5</periodID></TTperiod></TTperiods></TTsequence><TTsequence><sequenceID>EM</sequenceID><TTperiods><TTperiod><BeginTime>19:0</BeginTime><priority>1</priority><periodID>1</periodID></TTperiod><TTperiod><BeginTime>20:0</BeginTime><priority>1</priority><periodID>2</periodID></TTperiod><TTperiod><BeginTime>21:0</BeginTime><priority>1</priority><periodID>3</periodID></TTperiod></TTperiods></TTsequence></TTsequences><dayID>Je</dayID><dayRef>4</dayRef></TTday><TTday><TTsequences><TTsequence><sequenceID>AM</sequenceID><TTperiods><TTperiod><BeginTime>8:30</BeginTime><priority>0</priority><periodID>1</periodID></TTperiod><TTperiod><BeginTime>9:30</BeginTime><priority>0</priority><periodID>2</periodID></TTperiod><TTperiod><BeginTime>10:30</BeginTime><priority>0</priority><periodID>3</periodID></TTperiod><TTperiod><BeginTime>11:30</BeginTime><priority>0</priority><periodID>4</periodID></TTperiod></TTperiods></TTsequence><TTsequence><sequenceID>PM</sequenceID><TTperiods><TTperiod><BeginTime>13:30</BeginTime><priority>0</priority><periodID>1</periodID></TTperiod><TTperiod><BeginTime>14:30</BeginTime><priority>0</priority><periodID>2</periodID></TTperiod><TTperiod><BeginTime>15:30</BeginTime><priority>0</priority><periodID>3</periodID></TTperiod><TTperiod><BeginTime>16:30</BeginTime><priority>0</priority><periodID>4</periodID></TTperiod><TTperiod><BeginTime>17:30</BeginTime><priority>0</priority><periodID>5</periodID></TTperiod></TTperiods></TTsequence><TTsequence><sequenceID>EM</sequenceID><TTperiods><TTperiod><BeginTime>19:0</BeginTime><priority>2</priority><periodID>1</periodID></TTperiod><TTperiod><BeginTime>20:0</BeginTime><priority>2</priority><periodID>2</periodID></TTperiod><TTperiod><BeginTime>21:0</BeginTime><priority>2</priority><periodID>3</periodID></TTperiod></TTperiods></TTsequence></TTsequences><dayID>Ve</dayID><dayRef>5</dayRef></TTday></TTdays><cycleID>1</cycleID><pLength>60</pLength></TTcycle></DXTimeTable>