<?xml version="1.0" encoding="UTF-8"?>
<!-- edited with XMLSPY v5 rel. 4 U (http://www.xmlspy.com) by TEAM (RENEGADE) -->
<DXTimeTable>
	<TTcycle>
		<TTdays>
			<TTday>
				<TTsequences>
					<TTsequence>
						<sequenceID>AM</sequenceID>
						<TTperiods>
							<TTperiod>
								<BeginTime>8:00</BeginTime>
								<priority>0</priority>
								<periodID>1</periodID>
							</TTperiod>
							<TTperiod>
								<BeginTime>8:30</BeginTime>
								<priority>0</priority>
								<periodID>2</periodID>
							</TTperiod>
							<TTperiod>
								<BeginTime>9:00</BeginTime>
								<priority>0</priority>
								<periodID>3</periodID>
							</TTperiod>
							<TTperiod>
								<BeginTime>9:30</BeginTime>
								<priority>0</priority>
								<periodID>4</periodID>
							</TTperiod>
							<TTperiod>
								<BeginTime>10:00</BeginTime>
								<priority>0</priority>
								<periodID>5</periodID>
							</TTperiod>
							<TTperiod>
								<BeginTime>10:30</BeginTime>
								<priority>0</priority>
								<periodID>6</periodID>
							</TTperiod>
							<TTperiod>
								<BeginTime>11:00</BeginTime>
								<priority>0</priority>
								<periodID>7</periodID>
							</TTperiod>
							<TTperiod>
								<BeginTime>11:30</BeginTime>
								<priority>0</priority>
								<periodID>8</periodID>
							</TTperiod>
						</TTperiods>
					</TTsequence>
					<TTsequence>
						<sequenceID>PM</sequenceID>
						<TTperiods>
							<TTperiod>
								<BeginTime>13:00</BeginTime>
								<priority>0</priority>
								<periodID>1</periodID>
							</TTperiod>
							<TTperiod>
								<BeginTime>13:30</BeginTime>
								<priority>0</priority>
								<periodID>2</periodID>
							</TTperiod>
							<TTperiod>
								<BeginTime>14:00</BeginTime>
								<priority>0</priority>
								<periodID>3</periodID>
							</TTperiod>
							<TTperiod>
								<BeginTime>14:30</BeginTime>
								<priority>0</priority>
								<periodID>4</periodID>
							</TTperiod>
							<TTperiod>
								<BeginTime>15:00</BeginTime>
								<priority>0</priority>
								<periodID>5</periodID>
							</TTperiod>
							<TTperiod>
								<BeginTime>15:30</BeginTime>
								<priority>0</priority>
								<periodID>6</periodID>
							</TTperiod>
							<TTperiod>
								<BeginTime>16:00</BeginTime>
								<priority>0</priority>
								<periodID>7</periodID>
							</TTperiod>
							<TTperiod>
								<BeginTime>16:30</BeginTime>
								<priority>0</priority>
								<periodID>8</periodID>
							</TTperiod>
							<TTperiod>
								<BeginTime>17:00</BeginTime>
								<priority>0</priority>
								<periodID>9</periodID>
							</TTperiod>
							<TTperiod>
								<BeginTime>17:30</BeginTime>
								<priority>0</priority>
								<periodID>10</periodID>
							</TTperiod>
						</TTperiods>
					</TTsequence>
					<TTsequence>
						<sequenceID>EM</sequenceID>
						<TTperiods>
							<TTperiod>
								<BeginTime>18:00</BeginTime>
								<priority>1</priority>
								<periodID>1</periodID>
							</TTperiod>
							<TTperiod>
								<BeginTime>18:30</BeginTime>
								<priority>1</priority>
								<periodID>2</periodID>
							</TTperiod>
							<TTperiod>
								<BeginTime>19:00</BeginTime>
								<priority>1</priority>
								<periodID>3</periodID>
							</TTperiod>
							<TTperiod>
								<BeginTime>19:30</BeginTime>
								<priority>1</priority>
								<periodID>4</periodID>
							</TTperiod>
							<TTperiod>
								<BeginTime>20:00</BeginTime>
								<priority>1</priority>
								<periodID>5</periodID>
							</TTperiod>
							<TTperiod>
								<BeginTime>20:30</BeginTime>
								<priority>1</priority>
								<periodID>6</periodID>
							</TTperiod>
							<TTperiod>
								<BeginTime>21:00</BeginTime>
								<priority>1</priority>
								<periodID>7</periodID>
							</TTperiod>
							<TTperiod>
								<BeginTime>21:30</BeginTime>
								<priority>1</priority>
								<periodID>8</periodID>
							</TTperiod>
						</TTperiods>
					</TTsequence>
				</TTsequences>
				<dayID>Lu</dayID>
				<dayRef>1</dayRef>
			</TTday>
			<TTday>
				<TTsequences>
					<TTsequence>
						<sequenceID>AM</sequenceID>
						<TTperiods>
							<TTperiod>
								<BeginTime>8:00</BeginTime>
								<priority>0</priority>
								<periodID>1</periodID>
							</TTperiod>
							<TTperiod>
								<BeginTime>8:30</BeginTime>
								<priority>0</priority>
								<periodID>2</periodID>
							</TTperiod>
							<TTperiod>
								<BeginTime>9:00</BeginTime>
								<priority>0</priority>
								<periodID>3</periodID>
							</TTperiod>
							<TTperiod>
								<BeginTime>9:30</BeginTime>
								<priority>0</priority>
								<periodID>4</periodID>
							</TTperiod>
							<TTperiod>
								<BeginTime>10:00</BeginTime>
								<priority>0</priority>
								<periodID>5</periodID>
							</TTperiod>
							<TTperiod>
								<BeginTime>10:30</BeginTime>
								<priority>0</priority>
								<periodID>6</periodID>
							</TTperiod>
							<TTperiod>
								<BeginTime>11:00</BeginTime>
								<priority>0</priority>
								<periodID>7</periodID>
							</TTperiod>
							<TTperiod>
								<BeginTime>11:30</BeginTime>
								<priority>0</priority>
								<periodID>8</periodID>
							</TTperiod>
						</TTperiods>
					</TTsequence>
					<TTsequence>
						<sequenceID>PM</sequenceID>
						<TTperiods>
							<TTperiod>
								<BeginTime>13:00</BeginTime>
								<priority>0</priority>
								<periodID>1</periodID>
							</TTperiod>
							<TTperiod>
								<BeginTime>13:30</BeginTime>
								<priority>0</priority>
								<periodID>2</periodID>
							</TTperiod>
							<TTperiod>
								<BeginTime>14:00</BeginTime>
								<priority>0</priority>
								<periodID>3</periodID>
							</TTperiod>
							<TTperiod>
								<BeginTime>14:30</BeginTime>
								<priority>0</priority>
								<periodID>4</periodID>
							</TTperiod>
							<TTperiod>
								<BeginTime>15:00</BeginTime>
								<priority>0</priority>
								<periodID>5</periodID>
							</TTperiod>
							<TTperiod>
								<BeginTime>15:30</BeginTime>
								<priority>0</priority>
								<periodID>6</periodID>
							</TTperiod>
							<TTperiod>
								<BeginTime>16:00</BeginTime>
								<priority>0</priority>
								<periodID>7</periodID>
							</TTperiod>
							<TTperiod>
								<BeginTime>16:30</BeginTime>
								<priority>0</priority>
								<periodID>8</periodID>
							</TTperiod>
							<TTperiod>
								<BeginTime>17:00</BeginTime>
								<priority>0</priority>
								<periodID>9</periodID>
							</TTperiod>
							<TTperiod>
								<BeginTime>17:30</BeginTime>
								<priority>0</priority>
								<periodID>10</periodID>
							</TTperiod>
						</TTperiods>
					</TTsequence>
					<TTsequence>
						<sequenceID>EM</sequenceID>
						<TTperiods>
							<TTperiod>
								<BeginTime>18:00</BeginTime>
								<priority>1</priority>
								<periodID>1</periodID>
							</TTperiod>
							<TTperiod>
								<BeginTime>18:30</BeginTime>
								<priority>1</priority>
								<periodID>2</periodID>
							</TTperiod>
							<TTperiod>
								<BeginTime>19:00</BeginTime>
								<priority>1</priority>
								<periodID>3</periodID>
							</TTperiod>
							<TTperiod>
								<BeginTime>19:30</BeginTime>
								<priority>1</priority>
								<periodID>4</periodID>
							</TTperiod>
							<TTperiod>
								<BeginTime>20:00</BeginTime>
								<priority>1</priority>
								<periodID>5</periodID>
							</TTperiod>
							<TTperiod>
								<BeginTime>20:30</BeginTime>
								<priority>1</priority>
								<periodID>6</periodID>
							</TTperiod>
							<TTperiod>
								<BeginTime>21:00</BeginTime>
								<priority>1</priority>
								<periodID>7</periodID>
							</TTperiod>
							<TTperiod>
								<BeginTime>21:30</BeginTime>
								<priority>1</priority>
								<periodID>8</periodID>
							</TTperiod>
						</TTperiods>
					</TTsequence>
				</TTsequences>
				<dayID>Ma</dayID>
				<dayRef>2</dayRef>
			</TTday>
			<TTday>
				<TTsequences>
					<TTsequence>
						<sequenceID>AM</sequenceID>
						<TTperiods>
							<TTperiod>
								<BeginTime>8:00</BeginTime>
								<priority>0</priority>
								<periodID>1</periodID>
							</TTperiod>
							<TTperiod>
								<BeginTime>8:30</BeginTime>
								<priority>0</priority>
								<periodID>2</periodID>
							</TTperiod>
							<TTperiod>
								<BeginTime>9:00</BeginTime>
								<priority>0</priority>
								<periodID>3</periodID>
							</TTperiod>
							<TTperiod>
								<BeginTime>9:30</BeginTime>
								<priority>0</priority>
								<periodID>4</periodID>
							</TTperiod>
							<TTperiod>
								<BeginTime>10:00</BeginTime>
								<priority>0</priority>
								<periodID>5</periodID>
							</TTperiod>
							<TTperiod>
								<BeginTime>10:30</BeginTime>
								<priority>0</priority>
								<periodID>6</periodID>
							</TTperiod>
							<TTperiod>
								<BeginTime>11:00</BeginTime>
								<priority>0</priority>
								<periodID>7</periodID>
							</TTperiod>
							<TTperiod>
								<BeginTime>11:30</BeginTime>
								<priority>0</priority>
								<periodID>8</periodID>
							</TTperiod>
						</TTperiods>
					</TTsequence>
					<TTsequence>
						<sequenceID>PM</sequenceID>
						<TTperiods>
							<TTperiod>
								<BeginTime>13:00</BeginTime>
								<priority>0</priority>
								<periodID>1</periodID>
							</TTperiod>
							<TTperiod>
								<BeginTime>13:30</BeginTime>
								<priority>0</priority>
								<periodID>2</periodID>
							</TTperiod>
							<TTperiod>
								<BeginTime>14:00</BeginTime>
								<priority>0</priority>
								<periodID>3</periodID>
							</TTperiod>
							<TTperiod>
								<BeginTime>14:30</BeginTime>
								<priority>0</priority>
								<periodID>4</periodID>
							</TTperiod>
							<TTperiod>
								<BeginTime>15:00</BeginTime>
								<priority>0</priority>
								<periodID>5</periodID>
							</TTperiod>
							<TTperiod>
								<BeginTime>15:30</BeginTime>
								<priority>0</priority>
								<periodID>6</periodID>
							</TTperiod>
							<TTperiod>
								<BeginTime>16:00</BeginTime>
								<priority>0</priority>
								<periodID>7</periodID>
							</TTperiod>
							<TTperiod>
								<BeginTime>16:30</BeginTime>
								<priority>0</priority>
								<periodID>8</periodID>
							</TTperiod>
							<TTperiod>
								<BeginTime>17:00</BeginTime>
								<priority>0</priority>
								<periodID>9</periodID>
							</TTperiod>
							<TTperiod>
								<BeginTime>17:30</BeginTime>
								<priority>0</priority>
								<periodID>10</periodID>
							</TTperiod>
						</TTperiods>
					</TTsequence>
					<TTsequence>
						<sequenceID>EM</sequenceID>
						<TTperiods>
							<TTperiod>
								<BeginTime>18:00</BeginTime>
								<priority>1</priority>
								<periodID>1</periodID>
							</TTperiod>
							<TTperiod>
								<BeginTime>18:30</BeginTime>
								<priority>1</priority>
								<periodID>2</periodID>
							</TTperiod>
							<TTperiod>
								<BeginTime>19:00</BeginTime>
								<priority>1</priority>
								<periodID>3</periodID>
							</TTperiod>
							<TTperiod>
								<BeginTime>19:30</BeginTime>
								<priority>1</priority>
								<periodID>4</periodID>
							</TTperiod>
							<TTperiod>
								<BeginTime>20:00</BeginTime>
								<priority>1</priority>
								<periodID>5</periodID>
							</TTperiod>
							<TTperiod>
								<BeginTime>20:30</BeginTime>
								<priority>1</priority>
								<periodID>6</periodID>
							</TTperiod>
							<TTperiod>
								<BeginTime>21:00</BeginTime>
								<priority>1</priority>
								<periodID>7</periodID>
							</TTperiod>
							<TTperiod>
								<BeginTime>21:30</BeginTime>
								<priority>1</priority>
								<periodID>8</periodID>
							</TTperiod>
						</TTperiods>
					</TTsequence>
				</TTsequences>
				<dayID>Me</dayID>
				<dayRef>3</dayRef>
			</TTday>
			<TTday>
				<TTsequences>
					<TTsequence>
						<sequenceID>AM</sequenceID>
						<TTperiods>
							<TTperiod>
								<BeginTime>8:00</BeginTime>
								<priority>0</priority>
								<periodID>1</periodID>
							</TTperiod>
							<TTperiod>
								<BeginTime>8:30</BeginTime>
								<priority>0</priority>
								<periodID>2</periodID>
							</TTperiod>
							<TTperiod>
								<BeginTime>9:00</BeginTime>
								<priority>0</priority>
								<periodID>3</periodID>
							</TTperiod>
							<TTperiod>
								<BeginTime>9:30</BeginTime>
								<priority>0</priority>
								<periodID>4</periodID>
							</TTperiod>
							<TTperiod>
								<BeginTime>10:00</BeginTime>
								<priority>0</priority>
								<periodID>5</periodID>
							</TTperiod>
							<TTperiod>
								<BeginTime>10:30</BeginTime>
								<priority>0</priority>
								<periodID>6</periodID>
							</TTperiod>
							<TTperiod>
								<BeginTime>11:00</BeginTime>
								<priority>0</priority>
								<periodID>7</periodID>
							</TTperiod>
							<TTperiod>
								<BeginTime>11:30</BeginTime>
								<priority>0</priority>
								<periodID>8</periodID>
							</TTperiod>
						</TTperiods>
					</TTsequence>
					<TTsequence>
						<sequenceID>PM</sequenceID>
						<TTperiods>
							<TTperiod>
								<BeginTime>13:00</BeginTime>
								<priority>0</priority>
								<periodID>1</periodID>
							</TTperiod>
							<TTperiod>
								<BeginTime>13:30</BeginTime>
								<priority>0</priority>
								<periodID>2</periodID>
							</TTperiod>
							<TTperiod>
								<BeginTime>14:00</BeginTime>
								<priority>0</priority>
								<periodID>3</periodID>
							</TTperiod>
							<TTperiod>
								<BeginTime>14:30</BeginTime>
								<priority>0</priority>
								<periodID>4</periodID>
							</TTperiod>
							<TTperiod>
								<BeginTime>15:00</BeginTime>
								<priority>0</priority>
								<periodID>5</periodID>
							</TTperiod>
							<TTperiod>
								<BeginTime>15:30</BeginTime>
								<priority>0</priority>
								<periodID>6</periodID>
							</TTperiod>
							<TTperiod>
								<BeginTime>16:00</BeginTime>
								<priority>0</priority>
								<periodID>7</periodID>
							</TTperiod>
							<TTperiod>
								<BeginTime>16:30</BeginTime>
								<priority>0</priority>
								<periodID>8</periodID>
							</TTperiod>
							<TTperiod>
								<BeginTime>17:00</BeginTime>
								<priority>0</priority>
								<periodID>9</periodID>
							</TTperiod>
							<TTperiod>
								<BeginTime>17:30</BeginTime>
								<priority>0</priority>
								<periodID>10</periodID>
							</TTperiod>
						</TTperiods>
					</TTsequence>
					<TTsequence>
						<sequenceID>EM</sequenceID>
						<TTperiods>
							<TTperiod>
								<BeginTime>18:00</BeginTime>
								<priority>1</priority>
								<periodID>1</periodID>
							</TTperiod>
							<TTperiod>
								<BeginTime>18:30</BeginTime>
								<priority>1</priority>
								<periodID>2</periodID>
							</TTperiod>
							<TTperiod>
								<BeginTime>19:00</BeginTime>
								<priority>1</priority>
								<periodID>3</periodID>
							</TTperiod>
							<TTperiod>
								<BeginTime>19:30</BeginTime>
								<priority>1</priority>
								<periodID>4</periodID>
							</TTperiod>
							<TTperiod>
								<BeginTime>20:00</BeginTime>
								<priority>1</priority>
								<periodID>5</periodID>
							</TTperiod>
							<TTperiod>
								<BeginTime>20:30</BeginTime>
								<priority>1</priority>
								<periodID>6</periodID>
							</TTperiod>
							<TTperiod>
								<BeginTime>21:00</BeginTime>
								<priority>1</priority>
								<periodID>7</periodID>
							</TTperiod>
							<TTperiod>
								<BeginTime>21:30</BeginTime>
								<priority>1</priority>
								<periodID>8</periodID>
							</TTperiod>
						</TTperiods>
					</TTsequence>
				</TTsequences>
				<dayID>Je</dayID>
				<dayRef>4</dayRef>
			</TTday>
			<TTday>
				<TTsequences>
					<TTsequence>
						<sequenceID>AM</sequenceID>
						<TTperiods>
							<TTperiod>
								<BeginTime>8:00</BeginTime>
								<priority>0</priority>
								<periodID>1</periodID>
							</TTperiod>
							<TTperiod>
								<BeginTime>8:30</BeginTime>
								<priority>0</priority>
								<periodID>2</periodID>
							</TTperiod>
							<TTperiod>
								<BeginTime>9:00</BeginTime>
								<priority>0</priority>
								<periodID>3</periodID>
							</TTperiod>
							<TTperiod>
								<BeginTime>9:30</BeginTime>
								<priority>0</priority>
								<periodID>4</periodID>
							</TTperiod>
							<TTperiod>
								<BeginTime>10:00</BeginTime>
								<priority>0</priority>
								<periodID>5</periodID>
							</TTperiod>
							<TTperiod>
								<BeginTime>10:30</BeginTime>
								<priority>0</priority>
								<periodID>6</periodID>
							</TTperiod>
							<TTperiod>
								<BeginTime>11:00</BeginTime>
								<priority>0</priority>
								<periodID>7</periodID>
							</TTperiod>
							<TTperiod>
								<BeginTime>11:30</BeginTime>
								<priority>0</priority>
								<periodID>8</periodID>
							</TTperiod>
						</TTperiods>
					</TTsequence>
					<TTsequence>
						<sequenceID>PM</sequenceID>
						<TTperiods>
							<TTperiod>
								<BeginTime>13:00</BeginTime>
								<priority>0</priority>
								<periodID>1</periodID>
							</TTperiod>
							<TTperiod>
								<BeginTime>13:30</BeginTime>
								<priority>0</priority>
								<periodID>2</periodID>
							</TTperiod>
							<TTperiod>
								<BeginTime>14:00</BeginTime>
								<priority>0</priority>
								<periodID>3</periodID>
							</TTperiod>
							<TTperiod>
								<BeginTime>14:30</BeginTime>
								<priority>0</priority>
								<periodID>4</periodID>
							</TTperiod>
							<TTperiod>
								<BeginTime>15:00</BeginTime>
								<priority>0</priority>
								<periodID>5</periodID>
							</TTperiod>
							<TTperiod>
								<BeginTime>15:30</BeginTime>
								<priority>0</priority>
								<periodID>6</periodID>
							</TTperiod>
							<TTperiod>
								<BeginTime>16:00</BeginTime>
								<priority>0</priority>
								<periodID>7</periodID>
							</TTperiod>
							<TTperiod>
								<BeginTime>16:30</BeginTime>
								<priority>0</priority>
								<periodID>8</periodID>
							</TTperiod>
							<TTperiod>
								<BeginTime>17:00</BeginTime>
								<priority>0</priority>
								<periodID>9</periodID>
							</TTperiod>
							<TTperiod>
								<BeginTime>17:30</BeginTime>
								<priority>0</priority>
								<periodID>10</periodID>
							</TTperiod>
						</TTperiods>
					</TTsequence>
					<TTsequence>
						<sequenceID>EM</sequenceID>
						<TTperiods>
							<TTperiod>
								<BeginTime>18:00</BeginTime>
								<priority>2</priority>
								<periodID>1</periodID>
							</TTperiod>
							<TTperiod>
								<BeginTime>18:30</BeginTime>
								<priority>2</priority>
								<periodID>2</periodID>
							</TTperiod>
							<TTperiod>
								<BeginTime>19:00</BeginTime>
								<priority>2</priority>
								<periodID>3</periodID>
							</TTperiod>
							<TTperiod>
								<BeginTime>19:30</BeginTime>
								<priority>2</priority>
								<periodID>4</periodID>
							</TTperiod>
							<TTperiod>
								<BeginTime>20:00</BeginTime>
								<priority>2</priority>
								<periodID>5</periodID>
							</TTperiod>
							<TTperiod>
								<BeginTime>20:30</BeginTime>
								<priority>2</priority>
								<periodID>6</periodID>
							</TTperiod>
							<TTperiod>
								<BeginTime>21:00</BeginTime>
								<priority>2</priority>
								<periodID>7</periodID>
							</TTperiod>
							<TTperiod>
								<BeginTime>21:30</BeginTime>
								<priority>2</priority>
								<periodID>8</periodID>
							</TTperiod>
						</TTperiods>
					</TTsequence>
				</TTsequences>
				<dayID>Ve</dayID>
				<dayRef>5</dayRef>
			</TTday>
		</TTdays>
		<cycleID>1</cycleID>
		<pLength>30</pLength>
	</TTcycle>
</DXTimeTable>
