<?xml version="1.0" encoding="UTF-8"?>
<!-- edited with XMLSPY v5 rel. 2 U (http://www.xmlspy.com) by TEAM (RENEGADE) -->
<DX>
	<DXData>
		<instructorsList>
			<instructor>
				<key>1</key>
				<ID>Ruben Gozalez</ID>
				<availability>
					<day>1 1 1 1 1 5 1 5</day>
					<day>5 1 1 5 1 5 1 5</day>
				</availability>
			</instructor>
		</instructorsList>
		<roomsList>
			<room>
				<key>1</key>
				<ID>C1-5639</ID>
				<capacity>35</capacity>
				<availability>
					<day>1 1 1 1 1 5 1 5</day>
					<day>1 1 5 1 1 5 1 5</day>
				</availability>
				<caracterictics>
					<function>1</function>
					<function>2</function>
				</caracterictics>
			</room>
		</roomsList>
		<studentsList>
			<student>
				<ID>Richard tremblay</ID>
				<sex>M</sex>
				<session>2</session>
				<choices>
					<course>
						<ID>1.1.1</ID>
						<fixed>0</fixed>
					</course>
					<course>
						<ID>1.1.0</ID>
						<fixed>1</fixed>
					</course>
				</choices>
			</student>
		</studentsList>
		<activitiesList>
			<activity>
				<key>1</key>
				<ID>GEI442</ID>
				<department>electrique</department>
				<actType>informatique</actType>
				<session>5</session>
				<visible>O</visible>
				<naturesList>
					<nature>
						<key>1</key>
						<ID>1</ID>
						<groupsList>
							<group>
								<key>1</key>
								<ID>A</ID>
								<blocsList>
									<bloc>
										<key>1</key>
										<ID>1</ID>
										<weeksAssign>
											<week>
												<duration>120</duration>
												<day>1</day>
												<timebegin>9:00</timebegin>
												<prefSeq>AM</prefSeq>
												<instructor>1</instructor>
												<room>1</room>
												<fixed>O</fixed>
												<solidify>N</solidify>
												<listOfPrefRooms>
													<function>1</function>
													<function>2</function>
												</listOfPrefRooms>
												<actBefore>
													<actB>2</actB>
													<actB>3</actB>
												</actBefore>
												<actAfter>
													<actA>9</actA>
													<actA>10</actA>
												</actAfter>
											</week>
										</weeksAssign>
									</bloc>
								</blocsList>
							</group>
						</groupsList>
					</nature>
				</naturesList>
			</activity>
		</activitiesList>
	</DXData>
	<DXTimeTable>
		<TTcycle>
			<cycleID>1</cycleID>
			<pLength>15</pLength>
			<TTdays>
				<TTday>
					<dayID>1</dayID>
					<TTsequences>
						<TTsequence>
							<sequenceID>AM</sequenceID>
							<TTperiods>
								<TTperiod>
									<priority>0</priority>
									<time>8:00-8:15</time>
								</TTperiod>
								<TTperiod>
									<priority>0</priority>
									<time>8:15-8:30</time>
								</TTperiod>
							</TTperiods>
						</TTsequence>
					</TTsequences>
				</TTday>
			</TTdays>
		</TTcycle>
	</DXTimeTable>
	<DXConstraints>
		<weight>
			<student>1</student>
			<rooms>50</rooms>
			<intructor>100</intructor>
		</weight>
		<variationBetConfAct>0</variationBetConfAct>
		<variationBetBlocs>1</variationBetBlocs>
		<withStudentTT>O</withStudentTT>
	</DXConstraints>
	<DXroomsProperties>
		<property>
			<key>1</key>
			<function>multimedia</function>
		</property>
		<property>
			<key>2</key>
			<function>laboratoire</function>
		</property>
	</DXroomsProperties>
</DX>
